{
    "CNN": {
        "accuracy": 0.9892,
        "precision_weighted": 0.9892439657492182,
        "recall_weighted": 0.9892,
        "f1_weighted": 0.9891926214431039,
        "precision_macro": 0.9893967654534661,
        "recall_macro": 0.9890400521136987,
        "f1_macro": 0.9891897728751312,
        "confusion_matrix": [
            [
                974,
                1,
                0,
                0,
                0,
                0,
                4,
                1,
                0,
                0
            ],
            [
                0,
                1134,
                0,
                0,
                0,
                0,
                1,
                0,
                0,
                0
            ],
            [
                1,
                3,
                1016,
                4,
                0,
                0,
                0,
                7,
                1,
                0
            ],
            [
                0,
                1,
                0,
                1003,
                1,
                2,
                0,
                0,
                2,
                1
            ],
            [
                0,
                0,
                0,
                0,
                979,
                0,
                1,
                0,
                0,
                2
            ],
            [
                3,
                0,
                0,
                8,
                0,
                877,
                2,
                1,
                0,
                1
            ],
            [
                1,
                2,
                0,
                0,
                1,
                1,
                953,
                0,
                0,
                0
            ],
            [
                0,
                12,
                1,
                1,
                0,
                0,
                0,
                1012,
                0,
                2
            ],
            [
                3,
                0,
                3,
                2,
                1,
                3,
                2,
                3,
                950,
                7
            ],
            [
                0,
                3,
                0,
                0,
                7,
                2,
                0,
                3,
                0,
                994
            ]
        ],
        "parameters": 225034,
        "flops": 2631040
    },
    "DNN": {
        "accuracy": 0.9769,
        "precision_weighted": 0.9772359615521676,
        "recall_weighted": 0.9769,
        "f1_weighted": 0.9769286892665318,
        "precision_macro": 0.9772312047907599,
        "recall_macro": 0.9767228405949178,
        "f1_macro": 0.9768372242333447,
        "confusion_matrix": [
            [
                969,
                0,
                2,
                0,
                0,
                3,
                1,
                1,
                2,
                2
            ],
            [
                0,
                1124,
                2,
                1,
                0,
                0,
                2,
                0,
                6,
                0
            ],
            [
                2,
                0,
                1014,
                1,
                2,
                0,
                1,
                8,
                3,
                1
            ],
            [
                0,
                0,
                5,
                987,
                0,
                4,
                0,
                5,
                4,
                5
            ],
            [
                0,
                0,
                2,
                0,
                924,
                0,
                6,
                1,
                0,
                49
            ],
            [
                2,
                0,
                0,
                3,
                1,
                873,
                2,
                1,
                6,
                4
            ],
            [
                7,
                3,
                0,
                1,
                3,
                2,
                936,
                0,
                5,
                1
            ],
            [
                1,
                7,
                12,
                3,
                0,
                0,
                0,
                993,
                3,
                9
            ],
            [
                1,
                0,
                2,
                2,
                3,
                2,
                0,
                3,
                958,
                3
            ],
            [
                2,
                2,
                0,
                2,
                4,
                3,
                0,
                3,
                2,
                991
            ]
        ],
        "parameters": 567434,
        "flops": 566528
    },
    "Tiny LLM": {
        "accuracy": 0.9483,
        "precision_weighted": 0.9489492542087886,
        "recall_weighted": 0.9483,
        "f1_weighted": 0.9481966954766092,
        "precision_macro": 0.9487963657990839,
        "recall_macro": 0.9475179313772033,
        "f1_macro": 0.9477156066961558,
        "confusion_matrix": [
            [
                962,
                0,
                0,
                0,
                2,
                1,
                3,
                1,
                11,
                0
            ],
            [
                0,
                1125,
                4,
                1,
                0,
                1,
                2,
                0,
                2,
                0
            ],
            [
                5,
                4,
                991,
                5,
                7,
                0,
                4,
                2,
                13,
                1
            ],
            [
                0,
                4,
                22,
                930,
                1,
                8,
                1,
                7,
                31,
                6
            ],
            [
                1,
                2,
                1,
                0,
                954,
                1,
                8,
                1,
                4,
                10
            ],
            [
                7,
                0,
                2,
                40,
                3,
                802,
                7,
                1,
                22,
                8
            ],
            [
                5,
                3,
                0,
                0,
                6,
                8,
                930,
                0,
                6,
                0
            ],
            [
                2,
                11,
                18,
                4,
                10,
                0,
                0,
                949,
                2,
                32
            ],
            [
                3,
                6,
                10,
                1,
                6,
                5,
                4,
                3,
                932,
                4
            ],
            [
                3,
                6,
                1,
                10,
                56,
                2,
                1,
                10,
                12,
                908
            ]
        ],
        "vocab_size": 20,
        "seq_len": 52,
        "parameters": 72330,
        "flops": 1758080
    },
    "Tiny VLM": {
        "accuracy": 0.9884,
        "precision_weighted": 0.9884747342457713,