{
    "CNN": {
        "accuracy": 0.9892,
        "precision_weighted": 0.9892439657492182,
        "recall_weighted": 0.9892,
        "f1_weighted": 0.9891926214431039,
        "confusion_matrix": [
            [
                974,
                1,
                0,
                0,
                0,
                0,
                4,
                1,
                0,
                0
            ],
            [
                0,
                1134,
                0,
                0,
                0,
                0,
                1,
                0,
                0,
                0
            ],
            [
                1,
                3,
                1016,
                4,
                0,
                0,
                0,
                7,
                1,
                0
            ],
            [
                0,
                1,
                0,
                1003,
                1,
                2,
                0,
                0,
                2,
                1
            ],
            [
                0,
                0,
                0,
                0,
                979,
                0,
                1,
                0,
                0,
                2
            ],
            [
                3,
                0,
                0,
                8,
                0,
                877,
                2,
                1,
                0,
                1
            ],
            [
                1,
                2,
                0,
                0,
                1,
                1,
                953,
                0,
                0,
                0
            ],
            [
                0,
                12,
                1,
                1,
                0,
                0,
                0,
                1012,
                0,
                2
            ],
            [
                3,
                0,
                3,
                2,
                1,
                3,
                2,
                3,
                950,
                7
            ],
            [
                0,
                3,
                0,
                0,
                7,
                2,
                0,
                3,
                0,
                994
            ]
        ],
        "parameters": 225034,
        "flops": 2631040
    },
    "DNN": {
        "accuracy": 0.9769,
        "precision_weighted": 0.9772359615521676,
        "recall_weighted": 0.9769,
        "f1_weighted": 0.9769286892665318,
        "confusion_matrix": [
            [
                969,
                0,
                2,
                0,
                0,
                3,
                1,
                1,
                2,
                2
            ],
            [
                0,
                1124,
                2,
                1,
                0,
                0,
                2,
                0,
                6,
                0
            ],
            [
                2,
                0,
                1014,
                1,
                2,
                0,
                1,
                8,
                3,
                1
            ],
            [
                0,
                0,
                5,
                987,
                0,
                4,
                0,
                5,
                4,
                5
            ],
            [
                0,
                0,
                2,
                0,
                924,
                0,
                6,
                1,
                0,
                49
            ],
            [
                2,
                0,
                0,
                3,
                1,
                873,
                2,
                1,
                6,
                4
            ],
            [
                7,
                3,
                0,
                1,
                3,
                2,
                936,
                0,
                5,
                1
            ],
            [
                1,
                7,
                12,
                3,
                0,
                0,
                0,
                993,
                3,
                9
            ],
            [
                1,
                0,
                2,
                2,
                3,
                2,
                0,
                3,
                958,
                3
            ],
            [
                2,
                2,
                0,
                2,
                4,
                3,
                0,
                3,
                2,
                991
            ]
        ],
        "parameters": 567434,
        "flops": 566528
    },
    "Tiny LLM": {
        "accuracy": 0.0182,
        "precision_weighted": 0.005997592460053311,
        "recall_weighted": 0.0182,
        "f1_weighted": 0.00796356255640191,
        "confusion_matrix": [
            [
                56,
                0,
                0,
                97,
                0,
                827,
                0,
                0,
                0,
                0
            ],
            [
                1135,
                0,
                0,
                0,
                0,
                0,
                0,
                0,
                0,
                0
            ],
            [
                761,
                0,
                0,
                0,
                0,
                271,
                0,
                0,
                0,
                0
            ],
            [
                976,
                0,
                0,
                2,
                0,
                32,
                0,
                0,
                0,
                0
            ],
            [
                641,
                0,
                0,
                6,
                0,
                335,
                0,
                0,
                0,
                0
            ],
            [
                730,
                0,
                0,
                38,
                0,
                124,
                0,
                0,
                0,
                0
            ],
            [
                622,
                0,
                0,
                37,
                0,
                299,
                0,
                0,
                0,
                0
            ],
            [
                534,
                0,
                0,
                2,
                0,
                492,
                0,
                0,
                0,
                0
            ],
            [
                941,
                0,
                0,
                1,
                0,
                32,
                0,
                0,
                0,
                0
            ],
            [
                778,
                0,
                0,
                14,
                0,
                217,
                0,
                0,
                0,
                0
            ]
        ],
        "parameters": 72330,
        "flops": 1758080
    },
    "Tiny VLM": {
        "accuracy": 0.2743,
        "precision_weighted": 0.4517468046087364,
        "recall_weighted": 0.2743,
        "f1_weighted": 0.23426908435785126,